adjusted_date,headline
2022-01-18,"Why Wells Fargo, Bank Of America And Robinhood Markets Shares Are Falling Today Earnings Preview For Bank of America In The Spotlight - Big Wall Street Banks As The Main Power In SP500"
2022-01-19,"(BAC) - Analyzing Bank of America Corporation's Short Interest Mid-Afternoon Market Update: Dow Tumbles 150 Points; Yumanity Therapeutics Shares Plunge Mid-Day Market Update: US Stocks Turn Negative; Zogenix Shares Spike Higher Earnings Scheduled For January 19, 2022 Bank Of America Block Trade Of 5.2M Shares At Price Of $47.10/Share, Total Trade Size Of $245M Mid-Morning Market Update: Markets Rise; Bank of America Posts Upbeat Profit Why Bank of America Shares Are Rising Today If You Invested $1,000 In Bank of America Stock One Year Ago, Here's How Much You'd Have Now Recap: Bank of America Q4 Earnings Bank of America Q4 EPS $0.82 Beats $0.76 Estimate U.S. Equity Futures Higher Ahead of More Big Bank Earnings Reports A Peek Into The Markets: US Stock Futures Edge Higher; Morgan Stanley, Bank of America Earnings In Focus 5 Stocks To Watch For January 19, 2022"
2022-01-20,"Where Bank of America Stands With Analysts CNBC Final Trades: Starbucks, Abbott Labs, Bank Of America, Carlyle Group $1000 Invested In This Stock 10 Years Ago, Would Be Worth This Much Morgan Stanley Maintains Underweight on Bank of America, Raises Price Target to $51"
2022-01-21,"CNBC's Final Trades: Abbott Laboratories, Starbucks, Bank of America And This Financial Services Stock"
2022-01-26,What Are Whales Doing With Bank of America
2022-01-28,Back To The Basics? Warren Buffett Overtakes Mark Zuckerberg In Wealth Again As Value Bets Shine Over The Growth Story
2022-01-31,Check Out What Whales Are Doing With BAC Bank of America And 4 Other Stocks Sold By Insiders Goldman Sachs Now Expects 5 Rate Hikes From The Fed In 2022
2022-02-01,This Is What Whales Are Betting On Bank of America
2022-02-02,Game Changer? Solana Pay To Usher In 'New Era' Of Crypto Payments
2022-02-03,10 Financials Stocks Whale Activity In Today's Session
2022-02-04,"On CNBC: Pete Najarian Highlights Bank Of America, Academy Sports And Outdoors For Unusual Options Activity Peering Into Bank of America Corporation's Recent Short Interest"
2022-02-07,Looking At Bank of America's Recent Whale Trades
2022-02-08,"PreMarket Prep Stock Of The Day: Bank Of America Trader Pete Najarian Highlights He Bought Wells Fargo Calls, Says Has Owned Bank Of America Calls BZ Chart Of The Day: Time To Sell Bank Of America?"
2022-02-10,"Top News In Fintech And Beyond For February 11, 2022"
2022-02-17,"Bank of America Whale Trades Spotted What Are Whales Doing With Bank of America Watching Bank Stocks; JP Morgan, Bank Of America See New Pre-Market Lows 'Venereal Disease:' Charlie Munger Says Bitcoin And Other Cryptos Are 'Beneath Contempt'"
2022-02-21,"A Better 5-Year Return Than Ford, Amazon, Meta Platforms, Bank Of America And Wells Fargo? This Chipmaker Has It"
2022-02-22,"If You Invested $100 In This Stock 10 Years Ago, Here's How Much You Would Have Today"
2022-02-23,Chart Wars: Will Bank Of America Or JPMorgan Soar Higher On A Break Of This Key Pattern?
2022-02-24,"Looking At Bank of America's Recent Whale Trades How Is The Market Feeling About Bank of America Corporation? Why Wells Fargo, Bank Of America And JPMorgan Chase Shares Are Falling Today"
2022-02-25,"'International banks halt trading in Russian stocks' -Recent Article From Int'l. Finance Review Mentions 'JP Morgan, Goldman Sachs, Citigroup, Morgan Stanley, Bank of America, HSBC and UBS have all stopped trading locally listed Russian stocks'"
2022-02-28,"CNBC Halftime Report Final Trades: Booking, Deere, Bank Of America Paramount Global If You Invested $1000 In This Stock 10 Years Ago, Here's How Much You Would Have Today This Is What Whales Are Betting On Bank of America $100 Invested In This Stock 10 Years Ago Would Be Worth This Much Top 10 Stock Holdings Of Berkshire Hathaway And Warren Buffett"
2022-03-01,"10 Financials Stocks Whale Activity In Today's Session U.S. Appeals Court Faced With Cases Cloud By Judicial Financial Conflicts; Cases Involve StarKist, Cisco, Bank Of America, Other Major Banks Why Bank Of America Says There Won't Be A 'Crypto Winter' CNBC's Final Trades: Booking Holdings, NextEra Energy, Deere, Paramount And This Banking Major"
2022-03-03,"Top News In Fintech And Beyond For March 4, 2022"
2022-03-04,Why This Investor Bought Bank of America Stock
2022-03-07,Bank Of America Stock Has Been Tanking Lately: What's Going On And What's Next? Why Bank Of America Shares Are Sliding Today
2022-03-08,"Why Bank Stocks Are Getting Crushed Since Ukraine Conflict Began Benzinga's Top Ratings Upgrades, Downgrades For March 8, 2022 Baird Upgrades Bank of America to Neutral"
2022-03-10,How To Get Rich When The Stock Market Drops This Is What Whales Are Betting On Bank of America 10 Financials Stocks With Whale Alerts In Today's Session
2022-03-11,What Was Your First? Find Out What Warren Buffett's And Ray Dalio's First Stocks Were — Plus The Zinger Nation Tells All
2022-03-14,Is Mobileye IPO A Good Investment?
2022-03-15,Analyzing Bank of America Corporation's Short Interest
2022-03-16,Shares of banking and financial services companies are trading higher ahead of today's Fed decision.  The Fed is expected to hike interest rates. Strategists Cut Targets For European Equity Markets Amid Increasing Risks: Bloomberg
2022-03-17,Why Pete Najarian Prefers Bank Of America Over JPMorgan: 'This Is The Stock To Own' On CNBC: Trader Pete Najarian Owns Calls In Bank Of America
2022-03-21,"Bank of America Whale Trades Spotted Here's How Much You Would Have Made Owning Bank of America Stock In The Last 10 Years Morning Brief: Top Stories Dominating Financial Media on Monday, March 21 US Banks Suffer As IPO Pipeline Dries Up Due to Volatile Markets: FT"
2022-03-22,"Pete Najarian Prefers These Bank Stocks, Buys Calls All The Stocks That Moved Tuesday From CNBC's 'Fast Money: Halftime Report' On CNBC: Pete Najarian Buys Bank Of America Calls Why Wells Fargo And Bank Of America Shares Are Rising Today"
2022-03-24,"Alaska Air Unveils Long-Ferm Forecast, Fleet Transition Plan Why Bank Of America Stock Looks Set For All-Time Highs Alaska Air Group And Bank Of America Renew Long-term Partnership Agreement"
2022-03-25,This Is What Whales Are Betting On Bank of America
2022-03-28,"Bank Of America Stock Keeps Going Down Despite These Catalysts What 4 Analyst Ratings Have To Say About Bank of America Benzinga's Top Ratings Upgrades, Downgrades For March 28, 2022 Why Jim Cramer Likes Bank Of America Stock Morgan Stanley Upgrades Bank of America to Equal-Weight, Lowers Price Target to $49 This Biopharma Company Has A Better 6-Month Return Than AMD, Nvidia, Ford, Wells Fargo And Bank Of America"
2022-03-29,"Bank of America Whale Trades Spotted 10 Financials Stocks Whale Activity In Today's Session When Mortgage Rates Dipped, Fees And Charges Soared"
2022-03-30,10 Financials Stocks With Whale Alerts In Today's Session Hearing Investors Business Daily Names Bank Of America As New Short
2022-03-31,Looking Into Bank of America Corporation's Recent Short Interest
2022-04-04,"This Is What Whales Are Betting On Bank of America Watching Bank Of America Shares; Hearing Investors Business Daily Covers Short Position This Marijuana Stock Has Beaten Apple, Twilio, Netflix And Bank of America"
2022-04-05,"Bank Of America Plans To Bring All U.S. Workers Back To Office By June 1 10 Financials Stocks Whale Activity In Today's Session Piper Sandler Maintains Overweight on Bank of America, Lowers Price Target to $51"
2022-04-06,Banks Considering Zelle As POS Alternative To Mastercard And Visa: Report What Were Your Best And Worst Stock Buys? What Does The Zinger Nation Think?
2022-04-07,"Jim Cramer Shares His Thoughts On Bank of America, Douglas Emmett And More"
2022-04-08,Bank of America Whale Trades Spotted
2022-04-11,This Investor Plans To Hold Bank Of America Stock Through Earnings Despite Anticipating A Decline: Here's Why Economists Expect Fed To Hike Rates Aggressively In Coming Months: Reuters Experts See Possible Exodus Of Bank Deposits Following Pandemic Recovery: WSJ US Banks Warn On Plummeting Investment Banking Revenues As Dealmaking Dries Up: FT
2022-04-12,JPMorgan Mulls Splitting CEO Role With Jamie Dimon Staying As Non-Executive Chair: FT
2022-04-13,Bank Of America Stock Forms This Pattern And Here's How To Trade It Looking At Bank of America's Recent Whale Trades
2022-04-14,"$1000 Invested In Bank of America 10 Years Ago Would Be Worth This Much If You're Not Buying Gold, Consider These Five Gold Stocks Death Cross Looms Over Bank of America Investors"
2022-04-18,"5 Stocks To Watch For April 18, 2022 Looking Into Bank of America Corporation's Recent Short Interest Mid-Afternoon Market Update: Crude Oil Rises Over 1%; Nektar Therapeutics Shares Slide Bank Of America Investors Give Thumbs-Up To Q1 Earnings: What The Chart Shows Traders Moved These 13 Stocks On Monday's CNBC's 'Fast Money: Halftime Report' Mid-Day Market Update: U.S. Stocks Turn Lower; Bank of America Earnings Top Views On CNBC: Trader Joe Terranova Owns Bank Of America, Morgan Stanley On CNBC: Trader Steve Weiss Says He Owns Goldman, Bank Of America, Will Continue To Own Bank Of America Reports Strong Earnings Results: Why This Investor Says The Firm Is Well Positioned Moving Forward Mid-Morning Market Update: Markets Open Higher; Dow Gains 100 Points Why Bank Of America Shares Are Rising Benzinga's Daily Brief On Trending Tickers For April 18, 2022: Casa Systems, Twitter, DiDi Global, And More Bank Of America CFO Says Q2 Expenses Expected To Be Modestly Down From Q1 Bank Of America CFO Says Expect Net Interest Income To Grow Each Quarter This Year; Says Russia Is Not An Area Of Material Direct Exposure For The Bank Bank of America: Q1 Earnings Insights Bank Of America Corp With ""Very Minor"" Direct Exposure To Russia-Based Companies, Co's Teams Were Able To Navigate Through Sanctions Bank of America Q1 EPS $0.80 Beats $0.74 Estimate, Sales $23.20B Beat $23.11B Estimate A Peek Into The Markets: US Stock Futures Down; Bank of America Earnings In Focus How Bank Of America's Stock Looks Heading Into Its Q2 Earnings Print Earnings Scheduled For April 18, 2022"
2022-04-19,"Expert Ratings for Bank of America 10 Biggest Price Target Changes For Tuesday BMO Capital Maintains Market Perform on Bank of America, Lowers Price Target to $46"
2022-04-22,Looking At Bank of America's Recent Whale Trades
2022-04-25,"2022 FinTwit Conference Speaker Spotlight: Christian Fromhertz 5 Stocks Moved By Traders On Monday's CNBC's 'Fast Money: Halftime Report' CNBC Halftime Reports Final Trades: Bank Of America, Cleveland-Cliffs, Marriott Stocks That Hit 52-Week Lows On Monday How Elon Musk Managed to Convince Banks For Financing Proposed Twitter Deal?"
2022-04-26,"CNBC's Final Trades: Bank of America, Cleveland-Cliffs, Energy, Cash And More"
2022-04-27,"11 Largest Leveraged Buyouts Of All Time Morning Brief: Top Financial Stories Dominating on Wednesday, April 27 Citi, Bank of America, Wells Fargo Shareholders Backed Proposals To Stop Financing New Fossil Fuel Supplies Doesn't Get Enough Support"
2022-04-28,What Are Whales Doing With Bank of America
2022-05-02,"3 Reasons to Remain Bullish on U.S. Banks Top News In Fintech And Beyond For May 2, 2022 This Celebrity Has Owned Berkshire Hathaway Shares For 25 Years And Claims He Is Related To Warren Buffett"
2022-05-03,Looking At Bank of America's Recent Whale Trades
2022-05-04,Peering Into Bank of America's Recent Short Interest
2022-05-06,Here's Why Turtle Beach Shares Are Trading Lower Premarket
2022-05-09,"Bank of America Whale Trades Spotted Apple, Google Among Top 9 Tech Companies Actively Scouting Talent For Crypto, Blockchain Positions Bank Analysis On Why Bitcoin Can't Serve As An Inflation Hedge"
2022-05-11,"Why Pete Najarian Is Buying Call Options In Bank of America, Cisco, Nvidia And These Under-The-Radar Stocks 15 Stocks Moved By Traders on 'Fast Money: Halftime Report' On CNBC: Market Rebellion's Pete Najarian Bought Calls In BofA, Cisco, NVIDIA, Macerich, Livent, Sold Calls In Valero"
2022-05-13,Bank of America Whale Trades Spotted
2022-05-17,EXCLUSIVE: Be The House Not The Gambler — How To Use Options To Improve Performance
2022-05-20,How Is The Market Feeling About Bank of America?
2022-05-23,Why Bank Of America Shares Are Rising Today $100 Invested In Bank Of America 10 Years Ago Would Be Worth This Much Jim Cramer Recommends Buying These Stocks
2022-06-02,Financial Industry Regulatory Authority Orders Bank Of America's Merrill Lynch To Pay More Than $15.2M To Customers Who Bought More Expensive Mutual Fund Shares When Lower-Cost Shares Were Available
2022-06-03,Looking At Bank of America's Recent Whale Trades
2022-06-06,"Bank of America Expects 150 BPS of ECB Rate Hikes This Year, 50 BPS Moves in July and September-"
2022-06-07,Lucid Unveils Lucid Financial Services With Bank Of America
2022-06-09,"Looking Into Bank of America's Recent Short Interest If You Invested $100 In This Stock 10 Years Ago, You Would Have $500 Today Looking At Bank of America's Recent Whale Trades"
2022-06-10,Why Bank Of America Shares Are Diving Today
2022-06-13,Stocks That Hit 52-Week Lows On Monday Bank Of America's CFO Alastair Borthwick Says Credit Remains Pretty Strong; Says He's Not Seeing Signs Of Recession In Loan Book
2022-06-14,"Bank of America Whale Trades For June 14 Bank Of America Expands Virtual Account Management To Companies In The U.S. What 4 Analyst Ratings Have To Say About Bank of America 10 Biggest Price Target Changes For Tuesday RBC Capital Maintains Outperform on Bank of America, Lowers Price Target to $45"
2022-06-24,"Why Netflix Stock Looks Set To Bounce Higher Despite Weakening Revenues, Job Cuts Can Big Banks Survive A Recession? Here's What Fed's Stress Test Reveals Morgan Stanley Maintains Equal-Weight on Bank of America, Lowers Price Target to $47"
2022-06-27,"How Is The Market Feeling About Bank of America? Bank Of America To Raise Quarterly Dividend From $0.21 To $0.22/Share Here's The Bull, Bear Case For Bank Of America Stock Here's How Much $100 Invested In Bank of America 10 Years Ago Would Be Worth Today Credit Suisse Maintains Outperform on Bank of America, Lowers Price Target to $45"
2022-06-28,Bank of America Whale Trades For June 28 'Let's Just Stick With Morgan Stanley': Why Jim Cramer Says No To These Bank Stocks Morgan Stanley Q3 Dividend Hike Details Are Here
2022-06-30,Stocks That Hit 52-Week Lows On Thursday
2022-07-01,"S&P 500 Finishes Off Worst First Half Of Any Year Since 1970 Check Out What Whales Are Doing With BAC Analyst Ratings for Bank of America Wells Fargo Maintains Overweight on Bank of America, Lowers Price Target to $55 Piper Sandler Maintains Overweight on Bank of America, Lowers Price Target to $47"
2022-07-05,Why Bank Of America Shares Are Falling Today
2022-07-06,Deutsche Bank Technical Analysis: 'European Banks Are Pricing In A Major Recession'
2022-07-07,Hot Stocks: Tickers Moved By Traders on 'Fast Money: Halftime Report' Looking At Bank of America's Recent Whale Trades
2022-07-11,"Why Do Teladoc Health Investors Stand Divided? Bank Of America Analyst Weighs In Benzinga's Top Ratings Upgrades, Downgrades For July 11, 2022 Societe Generale Upgrades Bank of America to Buy, Announces $37.5 Price Target Here's What Charlie Munger-Run Daily Journal's Portfolio Looked Like In Q2"
2022-07-12,"Here's How Much You Would Have Made Owning Bank of America Stock In The Last 10 Years Morgan Stanley Maintains Equal-Weight on Bank of America, Lowers Price Target to $40 How To Attend Bank of America Q2 2022 Earnings Conference Call"
2022-07-13,Stocks That Hit 52-Week Lows On Wednesday What Are Whales Doing With Bank of America
2022-07-14,U.S. Office Of The Comptroller Of The Currency Fines Bank Of America $125M For Unsafe And Unsound Practices Around Its Prepaid Card Program For Unemployment Insurance Stocks That Hit 52-Week Lows On Thursday JPMorgan Chase and Morgan Stanley Report Earnings: Where Did The Profits Go? Weakness In Investment Banking To Mar BofA (BAC) Q2 Earnings Why Bank Of America Stock Is Falling Today
2022-07-15,"S&P 500 Claws Back Some Early Week Losses As Q2 Earnings Season Kicks Off Citigroup, Bank of America And 48 Stocks Moving In Friday's Mid-Day Session Bank of America's Earnings: A Preview Benzinga Before The Bell: Donald Trump's Presidential Bid, Facebook Testing Multiple Profiles, UnitedHealth Q2 Earnings Growth And Other Top Financial Stories Friday, July 15 Federal Regulators Penalizes Bank of America Over Botched Disbursement Unemployment Benefits"
2022-07-18,"Top 15 Trending Stocks On WallStreetBets As Of Monday, July 18, 2022 (Via Swaggy Stocks) Paxos' Strategy Head Talks Tokenizing US Equities And Re-Platforming Trillions In Assets U.S. Stocks Turn Lower; Crude Oil Settles Back Above This Level Bank Of America (BAC) Misses Q2 Earnings And Revenue Estimates What's Going On With Bank of America Stock Today? Read How Bank Of America Fared In Q2 Why Bank Stocks Traded Sharply Higher; Here Are 65 Biggest Movers From Friday Bank Of America CFO Says Investment Banking Revenues This Quarter 'Are Temporary,' Will Rise Back To Normal Levels When Economic Uncertainty Abates BitNile And 1 Other Stock Under $2 Insiders Are Aggressively Buying US Stock Futures Gain; Goldman Sachs, Bank of America Earnings In Focus Bank Of America CFO Says Bank Not Looking To Pause Share Buybacks Bank of America: Q2 Earnings Insights Fear Among US Investors Is Down,  Here's Why Bank of America Q2 EPS $0.73 Misses $0.78 Estimate, Sales $22.70B Miss $22.78B Estimate U.S. Equity Futures Higher Ahead of First Full Week of Earnings, Despite Recession Fears, Covid Lockdowns in China Bitcoin Breaches This Major Level, Here's Other Crypto Movers That Should Be On Your Radar Goldman Sachs, Bank of America And 3 Stocks To Watch Heading Into Monday Top Wall Street Bets Mentions This Weekend: NVDA, TSLA, AAPL, AMD, NFLX, TWTR, INTC, META, GOOG, BAC Tesla, Twitter, Goldman Among Headline Earnings Of Unfolding Week: Here Are The Key Earnings Ahead"
2022-07-19,"Further Hurdles for Hemp and Cannabis Startups; Financial Institutions now require Attorneys EXCLUSIVE: Michelle Krebs Of Cox Automotive Says 'If An Economic Recession Hits The US, Vehicle Sales Are Not Going To Be Affected Much' RBC Capital Maintains Outperform on Bank of America, Lowers Price Target to $40 Bank of America to $51? Plus Mizuho Predicts $6 For This Stock Credit Suisse Maintains Outperform on Bank of America, Lowers Price Target to $43 Barclays Maintains Overweight on Bank of America, Lowers Price Target to $51 Market Volatility Increases Following Monday's Sell-Off Markets Bet On Futures With Declining Fear Levels"
2022-07-20,Bank of America Raises Quarterly Dividend From $0.21 To $0.22/Share
2022-07-21,"If You Invested $1,000 When Jim Cramer Said Buy These 5 Stocks, Here's How Much You'd Have Now Looking At Bank of America's Recent Whale Trades Is Bank of America Heading Toward $38? Here's What The Chart Says"
2022-07-25,"Monday Market Update This Is What Whales Are Betting On Bank of America As Snap Spooks Market, Here Are The Hits & Misses Of Q2 Reporting Season"
2022-07-28,"If You Invested $1000 In This Stock 10 Years Ago, You Would Have $4,500 Today Bank Of America CEO Moynihan, Deloitte CEO Renjen Among CEOs To Participate In Event With President Biden At 2:15 p.m."
2022-07-29,Bank of America Whale Trades For July 29
2022-08-01,Apple Seeks To Raise Money Via Debt For Buyback And Dividends
2022-08-02,Bank of America Whale Trades Spotted
2022-08-03,Meta Platforms Is Exploring Its First Potential Bond Sale: What Investors Need To Know
2022-08-04,"Celsius Seeks To Rehire CFO At $93,000 A Month, Customers — Not Surprisingly — Object"
2022-08-08,"Elon Musk Dares Twitter's Parag Agrawal, Climate Bill Scrapes Through, Fed Official Steps Up Hawkish Rhetoric And More: 5 Key Stories You May Have Missed From This Weekend Berkshire's Debt Investments Help Mitigate Equity-Related Losses In Q2; These 5 Companies Made Up 69% Of Equity Portfolio"
2022-08-10,Four REITS That Pay Monthly Dividends 9 Financials Stocks Whale Activity In Today's Session Bank Of America's Premarket Movement: What To Watch For As The Stock Trades In This Pattern
2022-08-11,These 3 Dividend Yielding Stocks Are Warren Buffett's Top-Owned Positions In Berkshire This Is What Whales Are Betting On Bank of America
2022-08-12,"Amazon And Others Likely To Gain From Strong Back-To-School Spending, BofA Says New York Times Taps Bank of America,  Sidley Austin for Defense Against Valueact Capital Management Why Jim Cramer Says This Financial Stock Is 'Terrific'"
2022-08-15,"JP Morgan, Bank Of America Are Among Banks Moving Back Into Russian Bond Trading If You Invested $100 In This Stock 10 Years Ago, You Would Have $400 Today"
2022-08-16,"Warren Buffett's Berkshire Takes Another Bite Of Apple, Boosts Energy Holdings, Cashes Out Of Verizon: What 13F Filing Reveals"
2022-08-18,What Are Whales Doing With Bank of America
2022-08-22,"The U.S. City With The Highest Rent Growth May Surprise You. Hint: NYC and LA Don't Crack The Top 5 Bank of America Whale Trades For August 22 Amazon Looks At Holiday Season To Boost Revenue To Offset Inflation, Here's How Where's the S&P 500 Headed Next? Impending Bull Market Or Bear Market Rally? New York Mets Owner Steven Cohen Bulked Up On These 5 High Yielding Stocks In Q2"
2022-08-23,Here Are Warren Buffett's Best Performing Dividend Stocks
2022-08-25,Bank of America Ramps Up Digital Offerings To Capitalize On Expanding E-Commerce Volumes
2022-08-26,Check Out What Whales Are Doing With BAC
2022-08-30,"As Warren Buffett Turns 92, Here's How His Top 3 Holdings Did Since His Last Birthday"
2022-09-06,Check Out What Whales Are Doing With BAC
2022-09-12,"BofA CEO Says Trading Revenue Will Drop In The Low Single Digits In Q3 Vs Q2 BofA CEO Says Loan Growth Rate Will Slow, Including Mortgage Lending - Barclays Financial Conference What 10 Analyst Ratings Have To Say About Bank of America Financial Industry Regulatory Authority Fines Bank Of America Unit $5M For Large Options Position Reporting Failures Deutsche Bank Maintains Buy on Bank of America, Lowers Price Target to $45 Inflation Fueled Interest Rates Trigger Strong Demand For Citrix Debt"
2022-09-13,Bank of America is Moving Some of its Russia-based Bankers to Dubai
2022-09-15,Bank of America Whale Trades For September 15
2022-09-19,"Credit Card Holders Are Struggling To Make Payments: Why The Biggest Losers Are Goldman Sachs, Apple Pay Charlie Munger Holds These 2 Dividend Stocks And Shares 1 With Warren Buffett"
2022-09-20,"Check Out What Whales Are Doing With BAC Royal Caribbean Said on Sept 19, Amended Unsecured Term Loan Agreement With Bank of America to Extend Maturity Date of Advances to Oct 2024"
2022-09-21,Bank Of America CEO Brian Thomas Moynihan Says Concerned About Long-Term Competition From Chinese Banks
2022-09-22,"'WATCH LIVE: Jamie Dimon And Other Bank CEOs Get Grilled By Congress, Second Day Of Hearings' - CNBC This Chipmaker Stock Has A Better 5-Year Return Than Bitcoin, Ethereum, Amazon, Apple, Nvidia, Microsoft, Ford And Starbucks"
2022-09-26,What Are Whales Doing With Bank of America WATCH: Disturbing Video Shows Just How Close Bankers And Politicians Really Are 'A Hard Landing Scenario Is Inevitable': Goldman Sachs Cuts S&P500 Targets As Investors Flock Into Cash
2022-09-27,"UPDATE: CFTC Says Bank Of America To Pay $100M In Penalty, While Barclays, Credit Suisse, Citigroup, Goldman Sachs, Morgan Stanley, UBS, Deutsche Bank To Each Pay $75M CFTC Orders 11 Financial Institutions To Pay Over $710M For Recordkeeping, Supervision Failures For Widespread Use Of Unapproved Communication Methods 10 Financials Stocks Whale Activity In Today's Session Analyzing Bank of America's Short Interest"
2022-09-28,"Looking At Bank of America's Recent Whale Trades SEC Penalizes 16 Wall Street Firms For Using Personal Devices To Discuss Trades, Clients"
2022-09-29,"Here's What To Watch On Bank Of America Stock Following Fed's Latest Rate Hike Fed Says It Expects Pilot Climate Scenario Analysis Exercise To Publish Aggregate Findings From Exercise With No Firm-Specific Information, Exercise Will Not Have Capital Consequences Federal Reserve Announces Bank Of America, Citigroup, Goldman Sachs, Jpmorgan Chase, Morgan Stanley And Wells Fargo Will Participate In Pilot Climate Scenario Analysis Exercise In 2023,  Expected To Conclude Around End Of The Year"
2022-10-03,"If You Invested $100 In This Stock 10 Years Ago, You Would Have $300 Today What Are Whales Doing With Bank of America"
2022-10-04,"Where Bank of America Stands With Analysts Goldman Sachs Maintains Buy on Bank of America, Lowers Price Target to $40"
2022-10-05,"Bank of America To $36? Plus This Analyst Slashes PT On Citigroup Morgan Stanley Slashes Price Targets On Citigroup, Goldman Sachs, JPMorgan And Other Bank Stocks Morgan Stanley Maintains Equal-Weight on Bank of America, Lowers Price Target to $36"
2022-10-06,'Elon Musk's Revived Twitter Deal Could Saddle Banks With Big Losses' - WSJ Why Bank Of America Stock Options Suggest Upside After Q3 Earnings
2022-10-07,Ambac Settles RMBS Litigations Against Bank Of America For $1.84B
2022-10-10,"Ray Dalio Heaps Praise On 'Hero' Ben Bernanke For Winning Economics Nobel: 'A Very Rare Breed' Check Out What Whales Are Doing With BAC Bank of America Q3 2022 Earnings Conference Call On October 17, 2022 At 08:30 AM ET"
2022-10-11,Stocks That Hit 52-Week Lows On Tuesday International Monetary Fund Warns Rapid Rise In Rates Could Fuel Global Economic Disorder; Deteriorating Market Liquidity May Pose Risk To Financial Stability; Central Banks Should Continue To 'Normalize' Rates To Tackle Inflation
2022-10-12,Stocks That Hit 52-Week Lows On Wednesday
2022-10-13,"What To Watch On Bank Of America As The Stock Spikes In Relief What's Happening With Bank Of America Stock Rebounding Higher Today? Looking Into Bank of America's Recent Short Interest Bank of America Whale Trades Spotted Crypto, Sustainability Are Popular Among Young Investors: Bank of America Survey"
2022-10-14,"14 Stocks 'About To Pop' According To Jim Cramer: Yum! Brands, Domino's, Bank Of America And More Historic S&P 500 Comeback Runs Out Of Steam: What Are The Market Catalysts Ahead? A Preview Of Bank of America's Earnings"
2022-10-17,"Earnings Season Is Here: Tesla, Netflix, IBM, AT&T And More On Deck - But This Stock Could Be 'Most Important' Top 15 Trending Stocks On WallStreetBets As Of Monday, October 17, 2022 (Via Swaggy Stocks) This Is What Whales Are Betting On Bank of America Dow Rises Over 2%; S&P 500 Up 100 Points Are Cracks Beginning To Form? Bank Of America Is Watching Credit Card Delinquencies Closely Why Bank of America Shares Are Trading Higher? Here Are 66 Stocks Moving In Monday's Mid-Day Session Nasdaq Jumps 300 Points; Bank of America Tops Q3 Estimates Bank Of America Spikes, Schwab Slides: 'Strong 3Q Results May Be Tough For Bears To Pick On': Analyst Bank Of America CEO Brian Moynihan Says Expects Net Interest Income To Grow Further From Q4 Through Next Year Bank Of America CFO Alastair Borthwick Expects Q4 Net Interest Income To Reach $1.25B US Stocks Poised For A Rip-Roaring Start To Week As Nasdaq, S&P 500 Futures Jump — Tesla, Netflix, BofA, Splunk In Focus Bank Of America CFO Says Added About 5,000 Net Employees In Q3; Includes Advisers, Risk And Control Bank of America CFO Says Not Cutting Jobs In Investment Banking ""At This Stage"" Bank of America CFO Says Leveraged Loan Losses In Q3 Were Lower Than In Q2 US Stock Futures Signal Higher Start On Wall Street; Bank of America Earnings In Focus Bank of America: Q3 Earnings Insights Bank of America Q3 EPS $0.81 Beats $0.77 Estimate, Sales $24.50B Beat $23.60B Estimate Fear Among US Investors Increases After Dow Dips 400 Points Earnings Scheduled For October 17, 2022 Ethereum Surpasses This Major Level; Here Are The Top Crypto Movers For Monday Bank of America, Charles Schwab And 3 Stocks To Watch Heading Into Monday"
2022-10-18,"Chart Wars: Will Bank of America Or Goldman Sachs Fly Higher As Q3 Earnings Season Kicks Off? Goldman Sachs Boss Predicts Recession, Warns Risk-Based Businesses: 'Time To Be Cautious' US Stocks' Momentum Set To Continue Tuesday As Nasdaq Futures Lead Rally — Tesla, Goldman, J&J, United Airlines In Focus Fear & Greed Index Moves To 'Fear' Zone After Dow Jumps 550 points Volatility In Markets Decreases Following Upbeat Bank of America Earnings Why Minerva Neurosciences Shares Dipped By Around 70%; Here Are 90 Biggest Movers From Yesterday Amazon, Bank of America, Microsoft And Other Big Gainers From Monday"
2022-10-19,"$1000 Invested In This Stock 10 Years Ago Would Be Worth $3,500 Today"
2022-10-24,Looking At Bank of America's Recent Whale Trades
2022-10-25,"Bank of America Whale Trades For October 25 CNBC Mike Mayo Says Bank Call ""Grand Slam Potential""; Bank Of America Is Mike Mayo's Favorite Pick, U.S. Bancorp Is Sleeper Pick"
2022-10-28,"Are Less People Living Paycheck To Paycheck? BofA Thinks So, Here's Why Younger Investors Are Betting On Stock Market Alternatives While Some Blame That Bet On Impatience"
2022-10-31,"Analyzing Bank of America's Short Interest 10 Financials Stocks Whale Activity In Today's Session Find Out Why Roger Ferguson, Former Fed Vice Chairman, Thinks The Market Disconnect Is 'A Bit Of A Head Scratcher' Check Out What Whales Are Doing With BAC Japanese Startup Aims To Become Moon's FedEx, Emulating Elon Musk's Martian Colony Dreams"
2022-11-02,Big Downgrade For Twilio: Analysts Cut Price Target Citing 'Intense Competition'
2022-11-04,"$1000 Invested In This Stock 10 Years Ago Would Be Worth $4,000 Today"
2022-11-09,UK To Cut Surcharge On Bank Profits To 3% To Keep Industry Competitive
2022-11-10,This Is What Whales Are Betting On Bank of America
2022-11-11,3 Regional Banks Paying Consistent Dividends That Could Be Targets For A Larger Bank
2022-11-14,"JPMorgan Chase Refrained From Loan Funding Large Takeovers Including Elon Musk's Twitter Buyout Citigroup Downgrades Bank of America to Neutral, Announces $40 Price Target"
2022-11-15,"After A Tumultuous Q3, Warren Buffett Holds Onto 2 High Yielding Defensive Stocks Several Developed Nations, Allied Groups Come Together With $10B Backing For Indonesia's Efforts On Decarbonization"
2022-11-16,10 Financials Stocks Whale Activity In Today's Session Analyzing Bank of America's Short Interest
2022-11-18,A Swiss Banker Says You Should Buy These Semiconductor Stocks
2022-11-22,Here's How Much $100 Invested In Bank of America 10 Years Ago Would Be Worth Today
2022-11-28,"JPMorgan, Other Banks Discuss Refunding Duped Zelle Customers: Report"
2022-11-29,"Bank of America CEO Said China Covid Shutdowns Will Cause Supply Disruptions Bank of America CEO Brian Moynihan on CNN Said We're Predicting ""Mild Recession"" in 2023"
2022-11-30,Check Out What Whales Are Doing With BAC
2022-12-05,This Hedge Funder With Over $197B Under Management Just Increased His Stake In 2 High Yielding ETFs
2022-12-06,"Analyst Ratings for Bank of America 10 Financials Stocks Whale Activity In Today's Session Morgan Stanley Boosts Price Targets On These Big US Banks BofA CEO Says Will Buy Back Some Shares This Quarter Bank of America CEO Says Investing Heavily In Transaction Banking Business Morgan Stanley Maintains Equal-Weight on Bank of America, Raises Price Target to $38"
2022-12-07,$100 Invested In This Stock 10 Years Ago Would Be Worth $300 Today Bank of America Unusual Options Activity For December 07 10 Financials Stocks With Whale Alerts In Today's Session Looking Into Bank of America's Recent Short Interest
2022-12-08,"Bank Of America Files For Debt Shelf, Size Not Disclosed Piper Sandler Initiates Coverage On Bank of America with Neutral Rating, Announces Price Target of $36"
2022-12-09,EXCLUSIVE: Benzinga Moneymaker Series: Top 5 Stocks For Investors To Watch Leaving $BAC Has 'Not Occurred To Me' Says Brian Moynihan Bank of America: Why Options Traders See More Pain Ahead
2022-12-12,'Chinese Warren Buffett' Buys Shares In These 2 International Dividend Stocks: Here's Why Looking At Bank of America's Recent Unusual Options Activity
2022-12-13,"A Career Politician Who Regularly Trades The SPY, Picked Up These 3 High Yielding ETFs Instead"
2022-12-16,"JPMorgan Chase Is The Most Shorted US Bank Stock, But Short Sellers Like This Canadian Bank Even More Morgan Stanley Maintains Equal-Weight on Bank of America, Lowers Price Target to $37"
2022-12-22,Investment Bankers Brace For Lower Compensation Amid Lower Deal Making Activity
2022-12-27,Hopeful Golden Cross Forms On Bank of America's Chart
2022-12-28,"Oppenheimer Maintains Outperform Rating for Bank of America: Here's What You Need To Know What 7 Analyst Ratings Have To Say About Bank of America 7 Analysts Have This to Say About Bank of America Goldman Sachs To $492? Here Are 10 Other Price Target Changes For Wednesday Oppenheimer Maintains Outperform on Bank of America, Lowers Price Target to $51"
2022-12-30,Salad Oil Scandal Tanks American Express Stock On This Day In Market History
2023-01-03,"Barclays Revises Price Targets On These Big US Banks Barclays Maintains Overweight on Bank of America, Lowers Price Target to $48"
2023-01-05,"Looking At Bank of America's Recent Unusual Options Activity Here's How Much You Would Have Made Owning Bank of America Stock In The Last 10 Years Alibaba, BofA And More: Charlie Munger's Top Holdings At The End Of Q4"
2023-01-06,"Is Inflation Tamed? S&P 500 Kicks Off Year Optimistically, But Still Bumps In The Road For Tesla Analysts Says 'Don't Buy The Big Banks,' Deutsche Bank Cuts Rating Bank of America Unusual Options Activity Benzinga's Top Ratings Upgrades, Downgrades For January 6, 2023 Deutsche Bank Downgrades Bank of America to Hold, Lowers Price Target to $36"
2023-01-09,Here's How Much $1000 Invested In Bank of America 10 Years Ago Would Be Worth Today Looking Into Bank of America's Recent Short Interest Big Banks To Kick Off Q4 Earnings Season Amid Expectations For First S&P 500 Profit Decline In More Than 2 Years
2023-01-10,"This Is What Whales Are Betting On Bank of America Benzinga's Top Ratings Upgrades, Downgrades For January 10, 2023 Odeon Capital Upgrades Bank of America to Buy, Announces $38.44 Price Target Bank of America Earnings Conference Call Is Coming Up, Here's What You Need To Know"
2023-01-11,"Analyst Upgrades PulteGroup And Lennar, Names Top Homebuilder Stock Pick For 2023"
2023-01-12,"Big Banks Report Q4 Earnings Friday: Will JPMorgan, BofA, Citigroup, Wells Fargo Balance Sheets Foreshadow Recession? Benzinga Pro's Top 5 Stocks To Watch For Thursday, January 12, 2023: DAL, PFE, C, RBLX, MNST Bank of America's Earnings: A Preview"
2023-01-13,"S&P 500 Makes Weekly Gains As Inflation Cools: What's Next For The Market? BofA CEO Moynihan Says Company Has Slowed Down Hiring Nasdaq Up 50 Points; Gold Rises Over 1% BofA CEO Moynihan Says ""Think Fed Will Hold Rates High For Long"" 10 Financials Stocks Whale Activity In Today's Session Bank of America shares were trading lower after the company reported Q4 earnings results. Big Banks Kick Off Q4 Earnings Season: Why JPMorgan's Results Suggest Mild 2023 Recession Is The Base Case Top-Performing Hedge Fund In 2022 Has This Strategy To Thank: How Much Did It Make Last Year? BofA CEO Says He Expects ""Nice"" Net Investment Income Growth YoY Without Specifying Amount; Sees Q1 Net Interest Income Around $14.4B US Stocks Edge Lower; Bank of America Profit Tops Views B of A Says Consumer Spending Growth Is Slowing Down B of A CFO Says Any Losses On Leveraged Loans Are Reflected In Earnings, Says Co Has No Plans For Mass Layoffs At This Time Nasdaq, S&P Futures Narrowly Mixed As New-Found Optimism Tempers Ahead Of Big Bank Earnings, Consumer Sentiment Data Bank Of America Sales And Trading Revenue Up 9% YoY, Average Loans And Leases Up 14% YoY, Global Transaction Services Revenue Up 38% YoY Bank of America Q4 Sales $24.50B Beat $24.33B Estimate Bank of America Q4 EPS $0.85 Beats $0.77 Estimate Earnings Scheduled For January 13, 2023 Bank of America All Set To Report Earnings Today; Here's A Look At Recent Price Target Changes By The Most Accurate Analysts Bank of America, JPMorgan And 3 Stocks To Watch Heading Into Friday Fear & Greed Index Moves To 'Greed' Zone Following Inflation Report"
2023-01-16,Rising Interest Rates Lead To Big Bank Profit Gains: Are There Hints Of Inbound Recession?
2023-01-17,"10 Financials Stocks Whale Activity In Today's Session Piper Sandler Downgrades Bank of America: What Investors Need To Know Oppenheimer Maintains Outperform on Bank of America, Lowers Price Target to $50 Why Bank Of America Shares Are Falling Tuesday Benzinga's Top Ratings Upgrades, Downgrades For January 17, 2023 Bank Of America CEO Said Rate Of Growth Of Consumer Spending Is Slowing Down CBOE Volatility Index Settles At One-Year Low As Banks Kick Off Quarterly Earnings Season Piper Sandler Downgrades Bank of America to Underweight, Lowers Price Target to $33 Investor Optimism Improves Further After US Stocks Notch Weekly Gains"
2023-01-23,"Wells Fargo And Other Banks Join Forces To Tap $2T Payments App Market Against Apple Pay, PayPal BofA Investing Up To $150M In Middle-Income Housing Preservation Fund To Help Preserve 3,000+ Affordable Homes"
2023-01-24,Consumer Health Check: Are We OK? How Credit Card Data Could Provide Some Clues
2023-01-25,"Final Trades On CNBC: Bank Of America, Advanced Auto Parts, MasTec"
2023-01-26,"Advance Auto Parts, MasTec, Bank of America And This ETF Are CNBC's 'Final Trades'"
2023-01-27,$100 Invested In Bank of America 10 Years Ago Would Be Worth This Much Today
2023-01-30,"LVMH, L'Oréal Mull Stake In Cosmetics Brand Aesop: Report"
2023-01-31,"Benzinga's Top Ratings Upgrades, Downgrades For January 31, 2023 Expert Ratings for Bank of America Atlantic Equities Downgrades Bank of America to Neutral, Announces $40 Price Target"
2023-02-02,"Oppenheimer Maintains Outperform on Bank of America, Raises Price Target to $53"
2023-02-06,Former Hedge Fund Manager Lists 3 Reasons Berkshire Hathaway Has 'Everything We Look For In A Stock'
2023-02-07,"If You Invested $1,000 In Bank of America (BAC) Stock At Its COVID-19 Pandemic Low, Here's How Much You'd Have Now General Motors, Bank of America And 2 Other Stocks Insiders Are Selling"
2023-02-08,BofA To Offer Financing For Residential Electric Vehicle Chargers
2023-02-09,"Bank of America: DeFi's Current Functionality Is Just Scratching The Surface Benzinga's Top Ratings Upgrades, Downgrades For February 9, 2023 Bank Of America Sets Record-Breaking Year For Patents Granted In 2022 Keefe, Bruyette & Woods Downgrades Bank of America to Underperform, Lowers Price Target to $33"
2023-02-13,Cramer: This Big US Bank Stock Can 'Go Much Higher In This Environment'
2023-02-14,"B of A Says Slowing Down Hiring And Managing Headcount; Says Headcount Will Drop To About 213,000 In 3-4 Months BofA CEO Says We Are Buying Back Stock"
2023-02-16,'Bank Of America Plans Job Cuts In Its Investment Bank As Wall Street Retrenches' - Bloomberg News
2023-02-17,"$1000 Invested In This Stock 10 Years Ago Would Be Worth $3,000 Today"
2023-02-22,"EXCLUSIVE: Benzinga's Favorite Hedge Funds To Watch During 13F Season Meta's Subscription Model Could Generate $1.7B Revenue By 2024, Bank Of America Says"
2023-02-27,Warren Buffett On Berkshire's Journey From 1-Trick Pony To Owner Of Diversified Businesses: 8 Biggest Companies It Has Major Ownership
2023-02-28,Cryptocurrency Market Booms in 2023: Token Universe Surges 42% To $1.1 Trillion
2023-03-03,10 Financials Stocks Whale Activity In Today's Session
2023-03-06,Bank Of America CEO Says Interest Rates To Begin Falling Q2 2024
2023-03-08,"Banking, Energy Stocks Take Turn For The Worse As Powell Talks Inflation With Senators Who Are Concerned About Job Losses Bank of America Unusual Options Activity Benzinga's Top Ratings Upgrades, Downgrades For March 8, 2023 Analyst Ratings for Bank of America Odeon Capital Downgrades Bank of America to Hold, Announces $35.2 Price Target"
2023-03-09,"Top 15 Trending Stocks On WallStreetBets As Of Thursday, Mar. 9, 2023 (Via Swaggy Stocks) Why Bank Of America (BAC) Shares Are Nosediving Today If You Invested $1,000 In Berkshire Hathaway When Warren Buffett Did, Here's How Much You'd Have Now"
2023-03-10,"Stocks That Hit 52-Week Lows On Friday 10 Financials Stocks Whale Activity In Today's Session Rising Interest Rates Squeeze Regional Bank Stocks: 'Banks Could Be Forced To Liquidate' Bank of America Unusual Options Activity Portfolio Manager Prefers Option, Bond Overlays To Hedge Big Uncertainty Facing Markets"
2023-03-13,"'Big Short' Investor Michael Burry On Current Banking Crisis, 'I Am Not Seeing True Danger Here' Top Senate, Top House Democrat Says Congress Will Be Looking Closely At Causes Behind Run On Silicon Valley Bank, Other Banks And How We Can Prevent A Similar Crisis In The Future Looking To Play Berkshire, JP Morgan, Bank Of America To The Downside? This ETF Offers 3X Leverage Top 15 Trending Stocks On WallStreetBets As Of Monday, Mar. 13, 2023 (Via Swaggy Stocks) Goldman Sachs Experts Explain Why Most Banks Don't Share SVB's Vulnerabilities: 'The Takeover Neutralized Risk Of Contagion' Why Several Bank Stocks Are Getting Rocked Today 10 Financials Stocks Whale Activity In Today's Session Why Bank Of America (BAC) Shares Are Nosediving To A New 52-Week Low Net Interest Margin (NIM) - What Happened At Silicon Valley Bank And SVB ETF Exposure First Republic Bank, Bank of America And Other Big Stocks Moving Lower In Monday's Pre-Market Session Bill Ackman Says Government Has 48 Hours To Fix The SVB Mess: 'A Soon-To-Be-Irreversible Mistake'"
2023-03-14,"'Bank Of America Has Had More Than $15B In New Deposits Over The Last Couple Of Days Since The Collapse Of Silicon Valley Bank' - Bloomberg Top 15 Trending Stocks On WallStreetBets As Of Tuesday, Mar. 14, 2023 (Via Swaggy Stocks) 'Democrats, led by Warren and Porter, unveil bill to repeal Trump-era bank law' -NBC News Digital Currency Group Searches For A Lifeline As SVB And Crypto-Friendly Banks Collapse Crypto VC Digital Currency Group Turns To New Banking Partners After SVB Financial Debacle Silicon Valley Bank Failure Prompts Likes For Other Big US Banks Including JP Morgan, Citi Larry Summers Suggests Short-Term Steps To Help Government Avoid Contagion — Says SVB Committed 'One Of The Most Elementary Errors...'"
2023-03-15,"Regional, Big U.S. And Global Banks Shake From SVB Collapse On Wednesday 10 Financials Stocks Whale Activity In Today's Session Stocks That Hit 52-Week Lows On Wednesday"
2023-03-16,"JPMorgan, Citi, Bank Of America, Wells Fargo To Deposit Nearly $30B Into First Republic Bank; Deposit Infusion In First Republic Bank Likely To Be Concluded By Thursday First Republic Rallies As Major US Banks Pledge Assistance To Calm Markets Numerous Large Banks In Talks To Deposit Billions Of Dollars In First Republic Bank As Sign Of Confidence; Bank-Led Effort Is Supported By U.S. Regulators, Exact Number Of Firms, Amount And Timing Remains In Flux Commodity Futures Trading Commission Says In Contact With Banking Regulators Following The Recent Failures Of Silicon Valley Bank And Signature Bank By The FDIC Of Qualified Financial Contracts From The Failed Banks To Newly Established Bridge Banks Big Banks, Others Discuss Capital Infusion Into First Republic Bank Stocks Rally On 'Too Big To Fail' Narrative As Credit Suisse's Crisis Recedes"
2023-03-17,"Ackman Says Bank of America Will Buy Signature Bank Monday, Predicts Crisis Of Confidence Bank Of America Is Reportedly Not Interested In Acquiring Signature Bank Markets Dip, Signaling Pause In Rally As Focus Shifts To Next Week's Fed Decision: Analyst Says Brace For More Volatility Near Term Bill Ackman Says Hearing Bank Of America Is Going To Buy Signature Bank On Monday; Unless And Until Uninsured Deposits Are Protected, Cost Of Capital Is Going To Rise For Smaller Banks Why Bank Of America (BAC) Shares Are Nosediving To A New 52-Week Low Check Out What Whales Are Doing With BAC"
2023-03-20,"Bank Of America Email Says Its Electronic Stocks Desk Stops Trading With Credit Suisse ATS Crossfinder Top 15 Trending Stocks On WallStreetBets As Of Monday, Mar. 20, 2023 (Via Swaggy Stocks) Dimon Leads First Republic Funding Efforts, Stock Tumbles 45% Amid Wild Volatility First Republic Bank Downgraded By S&amp;P Further Into Junk Territory Despite $30B Deposit Infusion Keep Calm! Warren Buffett — The Big Daddy Of Investments — Rumored To Step In To Stem Banking Crisis"
2023-03-21,"S&P 500 Hits 4,000, Bank Stocks Soar, Treasury Yields Rise, As Worries Over Banking Crisis Ease – Traders Await FOMC Bank Stocks Rally As Yellen Backs US Banking System, Reports Surface Of Treasury Talks For Wider Deposit Backstop Benzinga Pro's Top 5 Stocks To Watch For Tuesday, March 21, 2023: META, LULU, BIGB, ONON, DWAC Roundhill Investments Launches ETF With Exposure To Only 6 US Big Banks (Bank of America, Goldman, Citigroup, JP Morgan, Morgan Stanley, Wells Fargo): BIG Bank ETF, Ticker 'BIGB' EXCLUSIVE: Roundhill Launches Big Bank ETF With 6 Holdings, Highlights Diversified Deposits, Stronger Balance Sheets"
2023-03-22,10 Financials Stocks Whale Activity In Today's Session This Is What Whales Are Betting On Bank of America
2023-03-23,"Benzinga's 'Stock Whisper' Index: 5 Stocks Investors Are Secretly Monitoring But Not Talking About Yet Bank Of America Says, Effective March 23, 2023, The Bank Of America N.A. Prime Rate Is 8.0%, Up From 7.75% Prior In Feb. Almost Done: BofA, Goldman Sachs Expect Fed Hiking Cycle To End By Midyear Amid Banking Credit Crunch Oppenheimer Maintains Outperform on Bank of America, Lowers Price Target to $44"
2023-03-24,"10 Financials Stocks Whale Activity In Today's Session Bank Of America Trims Banking, Lending Group Amid Industry Slump; Less Than 200 People Were Offered Roles In Other Parts Of Firm - BNN Bloomberg News US Stocks Cautiously Rebound Amid Positive Economic Data Following Banking Stocks Selloff RBC Capital Maintains Outperform Rating for Bank of America: Here's What You Need To Know Stocks That Hit 52-Week Lows On Friday US Financial Stocks Plummet On Fears of Contagion After Deutsche Bank Selloff Looking At Bank of America's Recent Unusual Options Activity Expert Ratings for Bank of America BofA: Bubble Expanding Into Money Market Funds As AUM Tops Record Of $5.1 Trillion RBC Capital Maintains Outperform on Bank of America, Lowers Price Target to $34 Why BofA, JPMorgan, Goldman Sachs, Goldman Sachs And Other Bank Stocks Are Down In Premarket Friday"
2023-03-27,"Did Warren Buffett Miss Tesla Train At Bargain $200M Valuation? Elon Musk Reminds Investment Guru Of Lost Opportunity Ray Dalio Warns Everybody Is Losing Money: 'The World Is Leveraged Long' Top 15 Trending Stocks On WallStreetBets As Of Monday, Mar. 27, 2023 (Via Swaggy Stocks) Why Bank Of America (BAC) Shares Are Rising Chart Wars: What To Watch As First Republic, Bank Of America Pop Higher In This Trend 10 Financials Stocks With Whale Alerts In Today's Session US Banks Face Regulatory Risks Following Silicon Valley Bank Collapse: BofA Names 4 Changes That Could Be Ahead Cathie Wood Slams Hindenburg For Its 'Wildly Misleading' Short Report on Block, As Ark Steps Up Purchase Of Jack Dorsey-Led Company Stock Benzinga Bulls And Bears: Nvidia, Tesla, Block And A Massive Vulnerability Found In Dogecoin's Code"
2023-03-28,"Bank of America Unusual Options Activity For March 28 Regeneron Pharmaceuticals, Hess And 1 Of World's Biggest Bank: CNBC's 'Final Trades' 10 Financials Stocks With Whale Alerts In Today's Session One Of The Best Traders In Congress Sells Shares Of Distressed Regional Bank On Day Of Stock Crash How A $700M Tech VC Firm Was Saved From SVB Collapse, And Why Its CEO Still Banks There"
2023-03-29,FDIC Reportedly Mulls Shifting Larger-Than-Usual Portion Of Bank Collapse Costs To Big Lenders 10 Financials Stocks With Whale Alerts In Today's Session
2023-04-03,"Looking At Bank of America's Recent Unusual Options Activity Microsoft To Rally Around 9%? Here Are 10 Other Analyst Forecasts For Monday Wells Fargo Maintains Overweight on Bank of America, Lowers Price Target to $45 Goldman Sachs Maintains Buy on Bank of America, Lowers Price Target to $35"
2023-04-04,What's Going On With Bank Of America (BAC) And Wells Fargo (WFC) Shares
2023-04-05,"10 Financials Stocks With Whale Alerts In Today's Session Meta Platforms To Rally Over 16%? Here Are 10 Other Analyst Forecasts For Wednesday Morgan Stanley Maintains Equal-Weight on Bank of America, Lowers Price Target to $31 Bank Of America Announces Redemption Of €2.0B Of Floating Rate Senior Notes, Due April 25, 2024"
2023-04-10,"JP Morgan Maintains Overweight on Bank of America, Lowers Price Target to $34"
2023-04-11,"EXCLUSIVE: Tim Quast Sees Markets' Long Sentiment Peaking, Predicts Declines Coming Shortly Looking At Bank of America's Recent Unusual Options Activity"
2023-04-12,"Barclays Maintains Overweight on Bank of America, Lowers Price Target to $39 Bloomberg Reported Late Tuesday: Big Banks Boost Their Reserves After Offering First Republic Lifeline Last Month"
2023-04-13,"Benzinga Pro's Top 10 Stocks To Watch For Thursday, April 13, 2023: AAPL, TSLA, AMZN, MSFT, INTC, META, NFLX, BAC, MCD, FCX JPMorgan, Citigroup: How The Options Market Is Factoring In Potential Moves Ahead Of Q1 Results Tomorrow"
2023-04-14,"Inflation Eases, S&P 500 Cools As Banks Kick Off Q1 Earnings Season Bank Of America Charges Higher In Tandem With JPMorgan, Citigroup: A Technical Analysis What's Going On With Bank Of America (BAC) Shares New York State Common Retirement Fund Urges Shareholders To Vote For Proposals Filed At BofA, JPM, Wells Fargo, Morgan Stanley, Citi, Goldman Sachs;  For Time-Bound Phase-Out Of Lending For New Fossil Fuel Exploration, Development"
2023-04-17,"Top 15 Trending Stocks On WallStreetBets As Of Monday, Apr. 17, 2023 (Via Swaggy Stocks) 10 Financials Stocks Whale Activity In Today's Session Top Wall Street Bets Mentions For Monday April 17. 2023: SPY, SCHW, NVDA, NFLX, MSFT, BAC, TSLA, AMD, AAPL, FRC Big Banks Open The Q1 Earnings Season With A Bang Bank of America Unusual Options Activity For April 17 Earnings Preview: Bank of America S&P 500 Settles Lower But Records Weekly Gain, Market Volatility Decreases"
2023-04-18,"Tesla, Netflix, Western Alliance, DraftKings, United Airlines: Why These 5 Stocks Are Drawing Investors' Attention Today Top 15 Trending Stocks On WallStreetBets As Of Tuesday, Apr. 18, 2023 (Via Swaggy Stocks) 10 Financials Stocks Whale Activity In Today's Session S&P 500, Nasdaq, Dow Erase Session Gains After Hawkish Fed Remarks: Investors Now Almost Fully Discount 25bp Hike In May Why Jim Cramer Says Bank Of America Just Reported Its 'Best Quarter Ever' Dow Dips Over 100 Points; Bank of America Earnings Beat Estimates Top Wall Street Bets Mentions For Tuesday April 18, 2023: NVDA, SPY, BAC, AAPL, FRC, TSLA, QQQ, NFLX, MSFT, JPM Bank of America Granted U.S. Patent #:11631245: Smart glasses for property evaluation using AI and ML Earnings Scheduled For April 18, 2023 Bank Of America shares were trading higher after the company reported better-than-expected Q1 results, including a 25% increase in net interest income. Bank Of America CEO Says Everything Points To A Mild Recession Elon Musk Says US Intel Agencies Had Access To Twitter DMs, Alibaba's Ant IPO Might Actually See Light, Airbus Pushes Some 2024 Deliveries: Today's Top Stories BofA CFO Expects Headcount To Decline By 3,000 By End Of Q2 Bank of America Outshines Projections: Q1 16% Earnings Beat Fuels Share Price Rally Why Bank Of America Shares Are Gaining Today B of A CFO Expects To Manage Headcount Via Attrition; Says Current Headcount Has Dropped By About 1,000 Employees Closer To 216,000 B of A CFO Expects Loan Growth To Stay In Low Single Digits, Anticipates It To Be A Little Slower Bank Of America CFO Said Sales And Trading Revenue Was Second Highest In A Decade Bank of America Q1 Consumer Banking Revenue Up 21%, Global Wealth And Investment Revenue Down 3%, Global Banking Revenue Up 19%, Global Markets Revenue Up 6% Bank of America Q1 Consumer Banking Client Balances $1.6T, Down 2% From Q4 Bank Of America Q1 Net Interest Income $14.4B, Up 25% Bank Of America Q1 Provision For Credit Losses $931M, Up From $30M YoY Bank of America Q1 EPS $0.94 Beats $0.82 Estimate, Sales $26.39B Beat $25.13B Estimate S&P 500 Settles Higher Ahead Of Big Bank Earnings, Market Volatility Decreases Goldman Sachs, Bank of America And 3 Stocks To Watch Heading Into Tuesday Investor Optimism Improves Ahead Of Major Earnings Reports"
2023-04-19,"LinkedIn Reveals Top Workplace: Where Amazon and Netflix Rank For Happy Employees Top 15 Trending Stocks On WallStreetBets As Of Wednesday, Apr. 19, 2023 (Via Swaggy Stocks) 3 Bank of America Analysts Key Takeaways From Q1 Print: 'Strong Increase In Its NIM' BMO Capital Maintains Market Perform on Bank of America, Lowers Price Target to $41 These Analysts Revise Price Targets On Bank of America Following Upbeat Q1 Results RBC Capital Maintains Outperform on Bank of America, Raises Price Target to $35 Apple To Rally 15%? Here Are 10 Other Analyst Forecasts For Wednesday Morgan Stanley Maintains Equal-Weight on Bank of America, Raises Price Target to $32 SPY, QQQ: As Earnings Season Gathers Pace, Here's What Options Market Indicates About These ETFs Oppenheimer Maintains Outperform on Bank of America, Raises Price Target to $47 Keefe, Bruyette & Woods Maintains Underperform on Bank of America, Raises Price Target to $29 Citigroup Maintains Neutral on Bank of America, Lowers Price Target to $33 Investor Optimism Declines Following Earnings Reports 'Shallow Recession' Ahead? Bank Of America CEO Brian Moynihan Says 'Everything Points' In That Direction"
2023-04-20,"Top 15 Trending Stocks On WallStreetBets As Of Thursday, Apr. 20, 2023 (Via Swaggy Stocks)"
2023-04-24,Bank of America Unusual Options Activity For April 24
2023-04-25,What's Going On With Bank Of America (BAC) And Wells Fargo (WFC) Shares 10 Financials Stocks With Whale Alerts In Today's Session
2023-04-26,3 Long-Term Brand Bets With A Great Track Record That Display Significant Potential
2023-04-27,Looking At Bank of America's Recent Unusual Options Activity
2023-05-01,"Looking At Bank of America's Recent Unusual Options Activity FDIC Works Overtime To Announce A First Republic Takeover By Late Sunday, Reports Say. Rumor Suggests PNC Might Prevail Over Bigger Peers. As First Republic Teeters,  FDIC Asks JPMorgan, PNC And Others To Table Final Bids For Takeover By Sunday, Report Says"
2023-05-02,"Bank Stocks Are Spiraling Lower Today: What's Going On? 10 Financials Stocks With Whale Alerts In Today's Session What's Going On With Bank Of America (BAC) And Wells Fargo (WFC) Shares Samsung Reportedly Bans OpenAI's ChatGPT, Google Bard, Bing AI: What Are They Afraid Of?"
2023-05-03,10 Financials Stocks Whale Activity In Today's Session
2023-05-04,"Goldman Sachs' Role In Silicon Valley Bank Collapse Under Investigation: Report First Horizon, Western Alliance, Bank of America And Wells Fargo Shares Are Selling Off: What's Going On?"
2023-05-05,Warren Buffett To Share Wisdom With Berkshire Hathaway Shareholders As Bank Failures Rattle Market
2023-05-08,Check Out What Whales Are Doing With BAC
2023-05-09,Looking At Bank of America's Recent Unusual Options Activity
2023-05-10,Is ChatGPT A Better Financial Advisor? We're Going To Find Out Bank of America Opens Luxembourg Branch
2023-05-11,"FDIC Proposes Large Banks Fork Out $15.8B For Clean-Up Of SVB, Signature Bank Bank Stocks Were Volatile Thursday: What Happened? 10 Financials Stocks Whale Activity In Today's Session"
2023-05-12,"3 Worst-Performing Sectors: Which Stocks Are Dragging Returns During Debt Ceiling Crisis? 15 Analysts Have This to Say About Bank of America Evercore ISI Group Maintains Outperform on Bank of America, Lowers Price Target to $35"
2023-05-15,"Capital One Stock Is Rising After Warren Buffett's Berkshire Hathaway Shuffled Bank Holdings: The Details Warren Buffett Trims Activision Blizzard, Adds Capital One In Q1: What Investors Need To Know US Value Stocks Trail Growth Stocks By An Alarming 8% In 2023: Why Is The Value Style Underperforming Again?"
2023-05-16,Peering Into Bank of America's Recent Short Interest Bank of America Unusual Options Activity For May 16 Why Capital One Stock Is Climbing Higher Today
2023-05-17,"Why Bank of America, Wells Fargo Shares Are Rising"
2023-05-19,10 Financials Stocks Whale Activity In Today's Session
2023-05-22,Check Out What Whales Are Doing With BAC
2023-05-23,Bank of America Unusual Options Activity For May 23
2023-05-24,10 Financials Stocks Whale Activity In Today's Session
2023-05-25,Value Stocks Hit 15-Month Low Against Growth As AI Fuels Tech's Vengeance Over 2022's Rate-Hike-Induced Market Fall
2023-05-30,Check Out What Whales Are Doing With BAC
2023-05-31,Why Bank Of America And Wells Fargo Stocks Are Falling Today
2023-06-01,"Elizabeth Warren Wants Consequences For Bank CEOs After SVB Collapse: CEOs Would Have To Pay Back 3 Years' Salary After Failures BofA CEO Moynihan Says U.S. Consumer Spending Is Slowing; Restaurant Spending Down To 3% YoY Growth From 17%; Fed Has 'Won The Battle' By Slowing Consumer Spending; 'Loan Growth Will Be Flattish This Quarter'; We'll Pay For Deposits When It Makes Sense To 9 Financials Stocks Whale Activity In Today's Session AI, Tech Fuel Rebound Of Vanguard Growth ETF, Eroding Value's 2022 Outperformance"
2023-06-02,Looking At Bank of America's Recent Unusual Options Activity
2023-06-05,"10 Financials Stocks Whale Activity In Today's Session Megabanks Beware: Regulatory Big Brother Wants a Tighter Leash Amid Recent Bank Failures US Banking Crisis Spurs $756 Billion Capital Surge Into Cash Funds, Says Bank Of America"
2023-06-06,What's Going On With Bank Of America Stock Tuesday Check Out What Whales Are Doing With BAC
2023-06-09,Capitol Hill to Wall Street: An In-Depth Look into Zoe Lofgren's Stock Trading Activity
2023-06-12,10 Financials Stocks With Whale Alerts In Today's Session Soros Fund Management Chief Executive Says Additional Banks Will Fail: 'There Are More Problems Under The Surface' Peter Schiff Stokes Fears With Renewed Warning About Banking System: 'It's Insolvent And Would Collapse Without...'
2023-06-14,"If You Invested $1,000 In Berkshire Hathaway When Warren Buffett Became The World's Richest Person, Here's How Much You'd Have Today Citigroup Maintains Neutral on Bank of America, Lowers Price Target to $31"
2023-06-20,Looking At Bank of America's Recent Unusual Options Activity How To Earn $500 A Month From AT&T Stock
2023-06-22,"Jerome Powell: Big US Banks Could See 20% Increase In Capital Requirements, 2 More Interest Rate Hikes Could Come In 2023"
2023-06-26,Bank of America Unusual Options Activity For June 26 Fed To Reveal Stress Test Results: 23 Banks Expected To Show Resilience After Sector Turmoil Earlier This Year
2023-06-27,"BofA To Open Financial Centers In 9 New Markets By 2026 'Bank Of America To Expand In Four U.S. States, Closing Gap With JPMorgan' - Reuters News Bank Of America CEO Brian Moynihan Says Expects Mild Recession In First Part Of Next Year"
2023-06-28,Bank of America Passes Stress Test While Overstock.com Gains Attention: Stock Market Highlights Fed's 2023 Stress Test Results: How Many Of 23 Banks Passed? Bank Stocks Gain After Hours Following Fed Stress Test Showing All 23 Banks Were Well Positioned To Continue Lending In A Severe Recession Bank Of America Shares Spike Following Fed Stress Test Report Federal Reserve Set To Release Annual Bank Stress Test Results: Here's What To Expect On Wednesday
2023-06-29,"Unaddressed Concerns Lurking Behind Fed's Positive Stress Test: The Most Vulnerable US Banks Watching Bank Of America; Traders Circulating TheStreet Alert Saying ""Adding To This Name After Bank Stress Test"" Why Several Bank Stocks Are Moving Higher Thursday"
2023-06-30,"Analyst Expectations for Bank of America's Future RBC Capital Reiterates Outperform on Bank of America, Maintains $35 Price Target Bank Of America's Recent Executive Changes Amid Global Investment Bank Revamp"
2023-07-03,Looking At Bank of America's Recent Unusual Options Activity Bank Of America Began Dialogue With Federal Reserve To Understand Differences In Comprehensive Income Over 9-Quarter Stress Period Between Fed's CCAR Results And Company's Dodd-Frank Stress Test Results
2023-07-05,What's Going On With Bank Of America Stock? Bank Of America Announces Plan To Increase Quarterly Dividend From $0.22 To $0.24 Per Share Bank Of America Announces Plan To Boost Quarterly Dividend 9% From $0.22 To $0.24 Per Share Peering Into Bank of America's Recent Short Interest Check Out What Whales Are Doing With BAC
2023-07-06,"Bank Of America Stock Is Falling: What's Going On? Samsung Electronics Expects Lowest Quarterly Profits In 14 Years, Exxon Anticipates Lower Natural Gas Prices & Refining Margins To Hit Profits, Bank Of America Boosts Dividend After Stress Test: Today's Top Stories"
2023-07-07,"Morgan Stanley Maintains Equal-Weight on Bank of America, Raises Price Target to $33"
2023-07-10,"Fed's Call For Increased Capital Drives Bank Stocks Higher, Paving The Way For A Stronger Financial System Amazon Set For Record-Breaking Prime Day Despite Economic Frugality Goldman Sachs, JP Morgan, Wells Fargo Among Major US Banks To Write Off $5B In Loans: Report"
2023-07-11,"US Banking Heavyweights Set To Release Q2 Results: What To Watch For Bank Of America Penalized For Charging Junk Fees, Opening Fake Accounts 'CFPB Takes Action Against Bank Of America Ordering Co To Pay More Than $100M For Illegally Charging Junk Fees, Withholding Credit Card Rewards, And Opening Fake Accounts' - Consumer Finance Morgan Stanley Poaches Marco Caggiano from JPMorgan to Lead M&A Division"
2023-07-12,"What's Going On With Bank Of America (BAC) Shares DraftKings Is A Sports Betting Winner Set To Defy Macro Headwinds, Analyst Says Check Out What Whales Are Doing With BAC Regulators Slap Merrill Lynch With $12M Fine For Anti-Money-Laundering Failures"
2023-07-13,"Bank Of America Adopts AI And Metaverse For New Employee Onboarding How To Earn $500 A Month From AT&T Stock Are Bank of America Accounts Linked To Coinbase Being Shut Down? Crypto Exchange CEO Brian Armstrong Wants To Know Bank Of America's Erica Exceeds 1.5B Client Interactions, To Exceed 2B Within Months"
2023-07-14,"S&P Makes Weekly Advance As Inflation Reaches Lowest Level Since March 2021; Amazon, Microsoft, Alphabet And Major Banks Lead Market Optimism This Is What Whales Are Betting On Bank of America"
2023-07-17,"What's Going On With Bank Of America (BAC) Shares 10 Financials Stocks With Whale Alerts In Today's Session Stocks Continue To Climb As Tech, Financials Gain, Dollar Stays At 15-Month Lows: What's Driving Markets Monday? Bank of America, Morgan Stanley, Charles Schwab Report Tuesday: Earnings Season Heats Up Tesla, Netflix, Goldman Earnings To Hit The Deck As Q2 Reporting Season Starts In Earnest: Key Companies To Watch In Week Ahead"
2023-07-18,"Bank of America, Morgan Stanley And 3 Stocks To Watch Heading Into Tuesday US Stocks Mixed; Bank of America Tops Q2 Views Morgan Stanley, Charles Schwab, Bank of America, And Other Big Stocks Moving Higher On Tuesday BofA CEO Says Consumer Is Healthy, Inflation Appears To Be 'Under Control' Following Better-Than-Expected Q2 Earnings Bank Of America CEO Moynihan Says Inflation Is Getting Under Control; Still Sees 2024 Recession, But Milder, Shorter; Deal Pipeline Will Stay With Stability Dow Enters Bull Market, Banks And Energy Lead; Microsoft Achieves Record High On AI Innovation: Tuesday's Market Movers Big Banks Top Q2 Estimates But Fail To Excite The Market As Caution Is In The Air Earnings Scheduled For July 18, 2023 Tuesday's Earnings Report: US Banks Beat Estimates As Higher Interest Rates, Fees Offer Profit Boost NBCUniversal's Peacock Raises Prices First Time Since Launch, Warren Buffett Sells Majority of Activision Blizzard Stake Before Microsoft Deal Approval, Novartis Launches $15B Share Buyback: Today's Top Stories Bank of America Clocks 19% Q2 Net Income Growth: Performance By The Numbers Bank of America CFO Said Bank Managing Headcount Through Attrition -Media Call Bank Of America CFO Said Continues To See A Healthy Us Economy But Growing At A Slower Pace - Media Call Bank Of America Q2 Provision For Credit Losses $1.125B vs $523M YoY Bank of America Q2 Sales $25.33B Beat $25.05B Estimate Bank of America Q2 EPS $0.88 Beats $0.84 Estimate Market Volatility Increases Following China Data; S&P 500 Settles Higher Fear & Greed Index Remains In 'Extreme Greed' Zone After Dow Gains For Sixth Consecutive Session"
2023-07-19,"Bank Of America Increases Common Stock Dividend From $0.22 To $0.24 Per Share Bank of America's Q2 Earnings Beat Estimates Amid Fed Rate Hikes: What Analysts Are Saying Stocks Extend Gains, Dow Tops 35,000, Dollar Rebounds: What's Driving Markets Wednesday? 10 Financials Stocks With Whale Alerts In Today's Session What's Going On With Bank Of America Shares Morgan Stanley Maintains Equal-Weight on Bank of America, Raises Price Target to $34 BMO Capital Maintains Market Perform on Bank of America, Lowers Price Target to $40 Oppenheimer Maintains Outperform on Bank of America, Raises Price Target to $52 Market Volatility Declines Following Strong Bank Earnings; S&P 500 Settles Higher Investor Optimism Improves After Dow Rises For Seventh Straight Session"
2023-07-20,10 Financials Stocks With Whale Alerts In Today's Session This Is What Whales Are Betting On Bank of America
2023-07-21,"Dow Jones Leads Weekly Gains As Tesla, Netflix Sell-Offs Dent Nasdaq; Big Banks Show Resilience To Volatility 10 Financials Stocks With Whale Alerts In Today's Session Peering Into Bank of America's Recent Short Interest"
2023-07-24,"WSJ Analysis Shows Bank of America, Huntington National Bank Had Among Biggest Revisions to Uninsured; Analysis Finds Banks Lowered Stated Uninsured Deposits After SVB Collapse Looking At Bank of America's Recent Unusual Options Activity Bank of America, Bank of New York Mellon And 2 Other Stocks Insiders Are Selling"
2023-07-26,ETF Winners And Losers: Small-Cap Fund Flows - Banking ETF Gains Over $400 Million While QQQE Loses Over $350 Million Wall Street Banks Face Regulatory Headwinds That Could Deplete $118 Billion In Excess Capital Value Stocks Defy Rate Hikes: 3 Blue Chips Showing Resilience In The Face Of Federal Reserve's Tightening
2023-07-27,"Big Banks To Bolster Capital by 16% Under Proposed US Regulations: Financial Stocks Fall Nasdaq Soars, Meta Rallies, Dow Flirts With Record Streak and Oil Jumps To $80: What's Driving Markets Thursday?"
2023-07-28,"The Dow Breaks 13-Day Winning Streak, Fed Raises Interest Rates To 2001 Levels And AI Is The Buzzword For Big Tech Earnings: The Week In The Markets Check Out What Whales Are Doing With BAC"
2023-07-31,"Fed Rate Hike, Wall Street's Regulatory Headwinds, BRICS Gold Currency Moves: Economic Highlights This Week"
2023-08-01,This Is What Whales Are Betting On Bank of America
2023-08-03,"Bank Of America Withdraws Recession Forecast Amid Strong Job Market, Expresses Concerns Over New Capital Rules What's Going On With Nvidia Stock Thursday? Bank Of America CEO Moynihan Says Fitch Downgrade Of U.S. Credit Rating Is A Non-Event; Near-Term Risks To Economies Are Greater Outside The United States Than Inside Bank Of America CEO Moynihan Says Consumer Spending Slowed Down Somewhat In July Bank Of America CEO Moynihan Says Lending Conditions Are Tighter Following Fed Interest Rate Hikes, But Inflation Is Coming Down Bank Of America CEO Brian Moynihan Says Consumers Are Spending More As They Did In 2017-2019"
2023-08-04,"JPMorgan Economists Discard Recession Forecast, Join Wave Of Wall Street Optimism What's Going On With Nvidia Stock Friday? Tesla, Amazon And 2 Other Stocks Insiders Are Selling"
2023-08-07,"This Is What Whales Are Betting On Bank of America Buffett On US Rating Downgrade, BoA's Recession Forecast, Krugman On 'Bidenomics' And More: Economic Highlights This Week Berkshire's Cash Hoard Swells To $147B As Warren Buffett-Led Company's Q2 Operating Earnings Rise 6.6%, Stock Bets Boost Investment Income"
2023-08-08,"What's Going On With Bank Of America (BAC) And Wells Fargo (WFC) Shares US Banking Sector Shaken: Moody's Drops Credit Ratings Of 10 Banks, Sounds Alarm For More Downgrades"
2023-08-11,Looking At Bank of America's Recent Unusual Options Activity
2023-08-15,Are US Banks On Shaky Ground? Stocks Tumble As Fitch Sounds Alarm On Potential Downgrades What's Going On With Bank Of America (BAC) And Wells Fargo (WFC) Shares
2023-08-16,Renewable Developer Invenergy And Investors Agree To Transfer $580M In Wind-Energy Tax Credits To Bank Of America In First Public Deal For New Market
2023-08-17,Bank of America Unusual Options Activity For August 17
2023-08-18,"10 Financials Stocks Whale Activity In Today's Session BILL Holdings' Q4 Results: 6 Analysts Respond To Macro Headwinds Impacting Revenue Projections Oppenheimer Maintains Outperform on Bank of America, Lowers Price Target to $49"
2023-08-21,"Arm Ltd Says Barclays, Goldman Sachs & Co Llc, J.P. Morgan, Mizuho, B of A Securities And Citigroup Are Among Underwriters To IPO Value Stocks Outshine Growth Amidst Rising Treasury Yields: Key Sectors and Stocks Analyzed"
2023-08-22,10 Financials Stocks With Whale Alerts In Today's Session What's Going On With Bank Of America (BAC) And Wells Fargo (WFC) Shares This Is What Whales Are Betting On Bank of America
2023-08-23,"8 Analysts Have This to Say About Bank of America Wells Fargo Maintains Overweight on Bank of America, Lowers Price Target to $40"
2023-08-25,10 Financials Stocks With Whale Alerts In Today's Session
2023-08-29,Bank of America Unusual Options Activity
2023-08-30,"Is Cathie Wood The Next Warren Buffett? Apple, Tesla Define Their Investment Strategies Warren Buffett Turns 93: If You Invested $1000 In Berkshire's Top 5 Stock Bets At The End Of 2022, Here's How Much You'd Have Now"
2023-08-31,Monthly Mortgage Payments Just Hit All-Time High — And Prices Jumped The Most In 10 Months How Is The Market Feeling About Bank of America?
2023-09-05,Looking At Bank of America's Recent Unusual Options Activity
2023-09-07,"Benzinga's Top Ratings Upgrades, Downgrades For September 7, 2023 HSBC Initiates Coverage On Bank of America with Buy Rating, Announces Price Target of $35"
2023-09-08,How To Earn $500 A Month From Gilead Sciences Stock Gilead Sciences Shares Trade Higher After Bullish Analyst Upgrades Stock This Is What Whales Are Betting On Bank of America
2023-09-11,"Bank Of America CFO Says Big Two Drivers In The Quarter Will Be The Markets And Trading Bank Of America CFO Says Loan Growth Is Definitely Slower, Especially Commercial Side Bank Of America Is Bullish On Raymond James: 'Diversified Approach Shines Through'"
2023-09-12,"10 Financials Stocks With Whale Alerts In Today's Session The Latest Analyst Ratings for Bank of America RBC Capital Reiterates Outperform on Bank of America, Maintains $35 Price Target"
2023-09-13,Bank of America Unusual Options Activity For September 13
2023-09-15,"Piper Sandler Maintains Underweight on Bank of America, Lowers Price Target to $27.5"
2023-09-18,Banks Unite To Combat Big Tech Under Their Turf
2023-09-20,"Bank of America Unusual Options Activity Bank Of America Increases U.S. Minimum Hourly Wage To $23 As Next Step To $25 By 2025 Bank Of America CFO Said Adding A Million Credit Cards Per Quarter; Said  Loan Growth Has Been A Little Disappointing Bank Of America CFO Alastair Borthwick At Bank Of America Conference, Said Can Still See Elevated Consumer Buying Behavior; Said It's Difficult To See A U.S. Recession When The Consumer Is Spending 4% Higher YoY"
2023-09-21,What's Going On With Bank Of America Shares
2023-09-22,Bank of America Unusual Options Activity For September 22
2023-09-26,"This Is What Whales Are Betting On Bank of America Oppenheimer Maintains Outperform on Bank of America, Lowers Price Target to $48"
2023-09-27,"9 Financials Stocks With Whale Alerts In Today's Session BofA CEO Says There's A Tremendous Amount Of IPO, Buyout Activity Waiting For Market Stability BofA CEO Says Commercial Credit Quality Is Still Very Strong; Consumer Spending Growth Has Slowed Down From A Year Earlier; U.S. Interest Rates Will Probably Stay Up Longer"
2023-09-29,"Looking Into Bank of America's Recent Short Interest 8 CEOs Of The Largest U.S. Banks Will Face Questioning At A Senate Banking Committee Hearing In December; The Banks Include JP Morgan Chase, Bank Of America, Citigroup, Goldman Sachs, Bank Of New York Mellon, Morgan Stanley, State Street, Wells Fargo"
2023-10-02,10 Financials Stocks With Whale Alerts In Today's Session Can Japan's Economy Continue To Blossom If Bank of Japan Raises Rates? Apparently So.
2023-10-03,"Stocks To Watch If Interest Rates Start To Fall Stocks That Hit 52-Week Lows On Tuesday 10 Financials Stocks Whale Activity In Today's Session Analyst Ratings for Bank of America Morgan Stanley Maintains Equal-Weight on Bank of America, Lowers Price Target to $32"
2023-10-04,What's Going On With Bank Of America Stock? 10 Financials Stocks With Whale Alerts In Today's Session One Of China's Most Trusted Real Estate Brands Defaults On Billions In Offshore Bonds Looking At Bank of America's Recent Unusual Options Activity
2023-10-05,Stocks That Hit 52-Week Lows On Thursday
2023-10-06,Is There A Real Estate Bubble In Hong Kong That's About To Burst?
2023-10-09,Price Over Earnings Overview: Bank of America Major Banks Rethink Strategy Amid Challenges Surrounding Musk's Twitter Purchase
2023-10-10,"Rising Prices Squeeze Small Businesses: Only 43% Expect Better Conditions In Next 6 Months Stocks Rally As Israel Regains Ground, Dollar Slides On Fed's Dovish Tone: What's Driving Markets Tuesday? Property Giant Hysan's Borrowing Surges With Fresh $4 Billion Bond Issuance"
2023-10-11,"Bank of America Unusual Options Activity For October 11 As JPMorgan, Citi Kickstart Big Bank Earnings This Week, Analyst Sees Silver Lining In Cloud: 'May Not Take Much For Banks To Produce An Upside Surprise'"
2023-10-13,"Israel-Hamas War Shakes Middle East, Inflation Reawakens, Oil Surges: The Week In The Markets Bank of America To Redeem Its Floating Rate Senior Notes Due October 2024 And 0.810% Fixed/Floating Rate Senior Notes Due October 2024"
2023-10-16,"Tesla, Netflix Grab Earnings Spotlight This Week As Analysts Divided On Q3 Reporting Season: What's On Investors' Radar? Preview: Bank of America's Earnings Goldman Sachs, Bank Of America Q3 Earnings Preview: Will Big Banks Maintain Their Momentum? Bank of America Likely To Report Higher Q3 Revenue; Here's A Look At Recent Price Target Changes By The Most Accurate Analysts Peering Into Bank of America's Recent Short Interest"
2023-10-17,"Nvidia, United Airlines, Moderna, Lucid, Bank Of America: Why These Five Stocks Are On Investors' Horizons Today Crude Oil Moves Lower; Bank of America Profit Beats Expectations Bank Of America CEO Brian Moynihan Says Consumer Spending Continues To Slow Due To Higher Rates Stocks Rise On Positive Earnings; Treasury Volatility Returns, Nvidia Stumbles: What's Driving Markets Tuesday? Iran Warning Stops The Market Rally Buy Historic Biden Visit To Israel Is A Positive For The Market Bank Of America CEO Brian Moynihan Says Expect Loan Growth To Pick Up Bank Of America CFO Says We Have Got A Good Investment Banking Pipeline Bank Of America CFO Says Commercial Real Estate Exposure Represents 7% Of Total Loan Portfolio Bank Of America CFO Says It Is Raising Net Interest Income Forecast In 2023 To Up About 9% Bank of America Clocks 10% Income Growth In Q3, CEO Highlights Client and Account Additions Across All Business Lines Bank Of America CFO Said Slowing Pattern In Consumer Spending Is Expected To Continue;  Anticipate Headcount To Remain Flattish From This Point Onwards;  Deposits Are Performing Better Than The Bank  Expected Bank Of America CFO Said It Recorded The Highest Sales And Trading Revenue In More Than A Decade In Q3 - Media Call Earnings Scheduled For October 17, 2023 Bank Of America Q3 Net Interest Income $14.4B, Up 4% Bank Of America Q3 Sales And Trading Revenue $4.4B, Up 8% Bank of America Q3 EPS $0.90 Bank Of America Q3 Consumer Banking Revenue $10.5B, Up 6%; Avg. Deposits $980B, Down 8% Bank Of America Q3 Provision For Credit Losses $1.2B, Up $336M Bank of America Q3 Revenue, Net Of Interest Expense, $25.2B, Up 3% Bank of America, Johnson & Johnson And 3 Stocks To Watch Heading Into Tuesday Investor Fear Eases Ahead Of Big Earnings"
2023-10-18,"Analyst Raises Bank Of America's Price Target To $40, Yet Sees Higher Returns In Other US FIG Stocks Bank of America Analysts Increase Their Forecasts After Upbeat Earnings Oppenheimer Maintains Outperform on Bank of America, Raises Price Target to $49 What's Going On With Bank Of America (BAC) Shares BMO Capital Maintains Market Perform on Bank of America, Raises Price Target to $40 How To Earn $500 A Month From Bank of America After Earnings Beat Fear & Greed Index Remains In 'Fear' Zone As Investors Assess Earnings Reports"
2023-10-19,What's Going On With Bank Of America (BAC) Shares? Looking At Bank of America's Recent Unusual Options Activity
2023-10-20,"Goldman Sachs, Bank Of America And Morgan Stanley Continue Last Week's Momentum Of Exceeding Estimates Despite The Macroeconomic Turmoil Warren Buffett's Billion-Dollar Dividend Duo: Apple and Coca-Cola Account For Over $1.6 Billion A Year In Income For Berkshire Hathaway"
2023-10-23,"10 Financials Stocks Whale Activity In Today's Session What's Going On With Bank Of America (BAC) Stock? Bank Of America, Mastercard, NRA And Others Are Lobbying For Cannabis Banking Reform — Who Knew? Benzinga Bulls And Bears: Tesla, Nvidia, Amazon And Signs Of 'Immense Anticipation' For Bitcoin ETF Approval"
2023-10-24,Bank of America Unusual Options Activity
2023-10-30,"Looking At Bank of America's Recent Unusual Options Activity Will Biden's Landmark AI Executive Order Push Banking Industry Deeper Into Artificial Intelligence? US Banks Witness Whopping $100 Billion Deposit Drop In Just Three Weeks, Fed Survey Raises Alarm"
2023-11-02,What's Going On With Bank Of America (BAC) Stock?
2023-11-03,"Major Banks Hit By Clearinghouse Glitch, Direct Deposits Delayed The Clearing House Spokesperson Says It Has Experienced A Processing Issue With A Single Ach File; Is Working With Impacted Financial Institutions On The Matter What's Going On With Bank Of America Stock? Fed Reserve Says Automated Clearing House Error Impacting Customers Bank Of America, Chase, Wells Fargo, U.S. Bank, Truist Financial Experiencing Problems This Is What Whales Are Betting On Bank of America"
2023-11-06,"DraftKings To Rally Over 48%? Here Are 10 Top Analyst Forecasts For Monday What 10 Analyst Ratings Have To Say About Bank of America Insiders Buying Bank of America And 3 Other Stocks Keefe, Bruyette & Woods Upgrades Bank of America to Market Perform, Raises Price Target to $30 Berkshire Hathaway's Operating Earnings Soar Over 40% In Q3 — Did Buffett's Empire Defy Economic Headwinds This Season? CORRECTION: Berkshire Hathaway Said ~78% Of The Aggregate Fair Value In Equity Investments Was Concentrated In 5 Companies (American Express $22.6B; Apple $156.8B; Bank of America $28.3B; Coca-Cola $22.4B; Chevron $18.6B Berkshire Hathaway Said ~78% Of The Aggregate Fair Value In Equity Investments Was Concentrated In 5 Companies (American Express $22.6B; Apple $156.8B; Bank of America $28.3B; Coca-Cola $22.4B; Chevron $18.6B"
2023-11-07,(BAC) - Analyzing Bank of America's Short Interest
2023-11-08,"Bank Of America CEO Says We Have A Succession Plan In Place; When I Decide, The Board Decides We Will Activate The Succession Plan Bank Of America CEO Says Financial Conditions Are Tightening; Commercial Customers Are Not Borrowing As Much; It Is A Mistake To Think Banks Drive ESG, Companies Drive It; Higher Capital Rules Will Increase Cost Of Doing Business In U.S.; Investment Banking Has A Tremendous Pipeline Of Activity Bank Of America CEO Brian Moynihan Says Research Team Predicting A Soft Landing Of U.S. Economy; Consumer Spending Has Slowed Looking At Bank of America's Recent Unusual Options Activity"
2023-11-13,"10 Financials Stocks With Whale Alerts In Today's Session Barron's Weekend Stock Picks: Tesla, Li Auto And Meta Is Back In China Unexpected Account Shutdowns At Major Banks Lead To Frustration, Accusations Of Discrimination"
2023-11-14,"Keith Grossman Says If You Look At Citibank, JPMorgan, Bank Of America; They're All Beginning To Either Custody Digital Assets Or Provide Services Because They Realize The Demand Is There What's Going On With Bank Of America (BAC) And Wells Fargo (WFC) Shares A Closer Look at Bank of America's Options Market Dynamics"
2023-11-15,"Buffett's Berkshire Trimmed Chevron Stake While Cashing Out Of GM And This COVID Stock: Here's How The Sage Of Omaha Adjusted His Portfolio In Q3 Central Banks Are Exploring CBDCs, But Don't Expect A Digital Dollar Anytime Soon"
2023-11-16,"Oppenheimer Maintains Outperform on Bank of America, Raises Price Target to $51 Buffett, Dalio, Einhorn, Ackman: The Masters Of Wall Street Shuffle Their Stock Decks In Q3 Warren Buffett Diversifies Beyond Apple: Berkshire Hathaway's Financial Sector Bets"
2023-11-17,"Warren Buffett's Record Cash Pile A Warning Of Brewing Market Trouble? 'It Means Be Cautious,' Says Analyst A Look Into Bank of America Inc's Price Over Earnings"
2023-11-21,Spotlight on Bank of America: Analyzing the Surge in Options Activity
2023-11-27,"CNBC Halftime Report Final Trades: Bank Of America, Costco Wholesale, Target, SPDR Gold Trust 10 Financials Stocks With Whale Alerts In Today's Session How Is The Market Feeling About Bank of America?"
2023-11-28,"Behind the Scenes of Bank of America's Latest Options Trends U.S. Consumer Financial Protection Bureau Orders Bank Of America To Pay $12M Penalty For Reporting False Mortgage Data Bank of America, Costco, Target And More On CNBC's 'Final Trades'"
2023-11-29,"Banking Industry Has Most To Gain From Development Of Generative AI, Says Moody's Analytics"
2023-11-30,U.S. Regulator Financial Industry Regulatory Authority Says It Fines Bank Of America Unit $24M For Treasuries Spoofing And Related Supervisory Failures
2023-12-01,"10 Financials Stocks Whale Activity In Today's Session Big Players' Recent Trades in BAC Options Goldman Sachs Maintains Buy on Bank of America, Raises Price Target to $33"
2023-12-04,10 Financials Stocks Whale Activity In Today's Session From Bearish To Bullish: Major Analysts Predict US Stock Market's Performance In 2024
2023-12-05,"Live On CNBC, Bank Of America CEO Brian Moynihan Discusses Consumer Spending Decoding Bank of America's Options Activity: What's the Big Picture?"
2023-12-06,10 Financials Stocks With Whale Alerts In Today's Session
2023-12-08,8 Wall Street Bank CEOs Reluctant To Take A Stand On Cannabis Reform After Sen. Questions Them During Hearing
2023-12-11,"ChatGPT's Water Thirst Sparks Grave Concerns, Investment Opportunity In ETF"
2023-12-12,Bank of America Unusual Options Activity
2023-12-13,What's Going On With Bank Of America (BAC) And Wells Fargo (WFC) Shares 10 Financials Stocks With Whale Alerts In Today's Session
2023-12-14,"Mortgage Stocks Pushed Higher On Thursday: Here's Why The Latest Analyst Ratings for Bank of America Odeon Capital Upgrades Bank of America to Buy, Announces $37.94 Price Target"
2023-12-15,SEC Vs. Elon: Judge Rules Musk Must Testify Again About $44B Twitter Takeover
2023-12-18,10 Financials Stocks Whale Activity In Today's Session Wall Street Banks Readjusts 2024 Interest Rate Predictions After Fed's Dovish Turn Elon Musk Reportedly Scrambled To Assure Banks They Wouldn't Lose Money On Twitter Acquisition Despite Expected $2 Billion Hit
2023-12-19,Bank of America's Options: A Look at What the Big Money is Thinking
2023-12-22,(BAC) - Analyzing Bank of America's Short Interest
2023-12-26,10 Financials Stocks Whale Activity In Today's Session Financial Tumult: Wall Street Giants Slash 60K Jobs Amid Revenue Decline and Industry Pressures
2023-12-27,"JPMorgan, Bank of America And Other Financial Stocks From Wall Street's Most Accurate Analysts"
2023-12-28,10 Financials Stocks With Whale Alerts In Today's Session A Closer Look at Bank of America's Options Market Dynamics
2023-12-29,"Charlie Munger Built A $300M Stock Portfolio For Daily Journal, But Small Publisher Worries It May Not Perform Well Now: 'It's Impossible To Ever Replace' 10 Financials Stocks Whale Activity In Today's Session"
2024-01-01,Buffett's Bullseye: Meet The 4 Stocks That Make Up Nearly 75% Of His Portfolio
2024-01-02,"Behind the Scenes of Bank of America's Latest Options Trends Bank of America To Rally Around 28%? Here Are 10 Top Analyst Forecasts For Tuesday What Analysts Are Saying About Bank of America Stock Barclays Maintains Overweight on Bank of America, Raises Price Target to $43"
2024-01-03,Tech Sell-Off Triggers Market Reset: Value Stocks Reach 7-Month High Versus Growth
2024-01-05,"JPMorgan Stock Marks A New 52-Week High, Still A Buy"
2024-01-08,"Earnings Season Preview: How Will Corporate Profit Outlooks Impact Markets In 2024? Can A Potential Pre-Earnings Bank Rally Save The Dow Jones From Tumbling? US Banking Giants Brace For Fourth-Quarter Earnings Amid Mounting Bad Debts, Interest Rate Pressure"
2024-01-09,"Bank Earnings Preview: Cautious Outlook As JPMorgan, Citigroup, BofA And Wells Fargo Report On Friday How To Earn $500 A Month From Bank of America Stock Ahead Of Q4 Earnings Report Bank of America Sees $1.6B Charge In Q4 On Bloomberg Benchmark Phase-Out"
2024-01-10,US Banks Create Profits Out Of Thin Air Thanks To This Fed Trick: A Burden For US Taxpayers?
2024-01-11,Bank Earnings Season Begins Friday: Analysts Warn Of Possible 'Sell-Off' On Day 1 10 Financials Stocks Whale Activity In Today's Session Earnings Preview For Bank of America
2024-01-12,"Bitcoin Debuts On Wall Street, Inflation Spikes, Apple And Tesla Skid: This Week In The Markets One-Time Charges Concealed How Well Big Banks Did During The Last Quarter Of 2023 Stocks Pause, Gold Rises, Bitcoin Sinks On Worst Day In Four Months: What's Driving Markets Friday? Live On CNBC, Bank of America CEO Brian Moynihan Discussing Rates, The Fed & The Economy JPMorgan CFO Doesn't Sound Worried About A Recession, Says 'Consumer Is Fine' US Banking Sector Sees Fourth Consecutive Day Of Losses After Q4 Earnings Release 10 Financials Stocks With Whale Alerts In Today's Session Bank of America CFO Says NII Should Be Lower In Q1 Vs Q4 2023, And Touch Lower In Q2 2024, Before Growing In H2 Bank of America CFO Says Well Positioned Against Proposed Rules To Boost Capital; On A Weighted Basis We Have Reserved For An Unemployment Rate Of Nearly 5% By The End Of 2024; Saw Lower Marks On Leveraged Loan Positions Year-On-Year Bank Of America CFO Says We Continue To Put Money Into Very Short Term T-Bills And Hedged Treasury Notes This Quarter Bank Of America CEO Says Consumer Deposit Balances Of Bank Of America Remain 30% Higher Than Pre-Pandemic JPMorgan Chase Vs. Bank of America: Which Stock Offers More Value? Delta Air Lines Reports Q4 Results, Joins United Airlines, American Airlines And Other Big Stocks Moving Lower On Friday Bank of America's Q4 Revenue Dips 10%; CFO Highlights Organic Growth, 4.6M Credit Card Accounts Addition Nasdaq, S&P 500 Futures Recede As Traders Digest Mixed Bank Earnings: All Eyes Now On Producer Inflation Data CORRECTION: Bank Of America Added 4.6M Credit Card Accounts In 2023 Bank Of America Added 4.6M Credit Card Accounts In 2023 Bank of America Q4 Adj $0.70 Beats $0.63 Estimate, Adj. Revenue $23.50B Miss $23.74B Estimate Earnings Scheduled For January 12, 2024 Citigroup, Bank of America And 3 Stocks To Watch Heading Into Friday Investor Sentiment Eases Following Inflation Data; Bank Earnings In Focus Bank of America Likely To Report Lower Q4 Earnings; These Most Accurate Analysts Revise Forecasts Ahead Of Earnings Call"
2024-01-15,"Citigroup To Cut 20,000 Jobs In Major Strategic Overhaul, Cites 'Disappointing' Q4 Benzinga Bulls And Bears: Apple, Alibaba, Boeing And Cathie Wood Reveals How Much Bitcoin She Personally Owns"
2024-01-16,"Bank Of America Would Bear The Brunt Of Higher Operating And Credit Costs: Analyst Odeon Capital Downgrades Bank of America to Hold, Announces $33.9 Price Target Oppenheimer Maintains Outperform Rating for Bank of America: Here's What You Need To Know Oppenheimer Maintains Outperform on Bank of America, Lowers Price Target to $49 BMO Capital Maintains Market Perform on Bank of America, Lowers Price Target to $36 Goldman, Morgan Stanley, Alcoa On Tap This Week As Q4 Earnings Picks Up Pace: Fund Manager Tells Why 2024 Guidance Is 'Much More Important' Investor Optimism Falls Following Bank Earnings; Dow Down Over 100 Points"
2024-01-17,"JPMorgan's Jamie Dimon And Other Bank CEOs Held Private Meeting Over Fintech Competition, Regulatory Burden In Davos: Report Bank Of America CEO Brian Moynihan Shares Outlook For 2024 At Davos 10 Financials Stocks Whale Activity In Today's Session"
